tool_generator_000001,pwdDeTest01..
tool_generator_000002,pwdDeTest01..
tool_generator_000003,pwdDeTest01..
tool_generator_000004,pwdDeTest01..
tool_generator_000005,pwdDeTest01..
tool_generator_000006,pwdDeTest01..
tool_generator_000007,pwdDeTest01..
tool_generator_000008,pwdDeTest01..
tool_generator_000009,pwdDeTest01..
tool_generator_000010,pwdDeTest01..
tool_generator_000011,pwdDeTest01..
tool_generator_000012,pwdDeTest01..
tool_generator_000013,pwdDeTest01..
tool_generator_000014,pwdDeTest01..
tool_generator_000015,pwdDeTest01..
tool_generator_000016,pwdDeTest01..
tool_generator_000017,pwdDeTest01..
tool_generator_000018,pwdDeTest01..
tool_generator_000019,pwdDeTest01..
tool_generator_000020,pwdDeTest01..
tool_generator_000021,pwdDeTest01..
tool_generator_000022,pwdDeTest01..
tool_generator_000023,pwdDeTest01..
tool_generator_000024,pwdDeTest01..
tool_generator_000025,pwdDeTest01..
tool_generator_000026,pwdDeTest01..
tool_generator_000027,pwdDeTest01..
tool_generator_000028,pwdDeTest01..
tool_generator_000029,pwdDeTest01..
tool_generator_000030,pwdDeTest01..
tool_generator_000031,pwdDeTest01..
tool_generator_000032,pwdDeTest01..
tool_generator_000033,pwdDeTest01..
tool_generator_000034,pwdDeTest01..
tool_generator_000035,pwdDeTest01..
tool_generator_000036,pwdDeTest01..
tool_generator_000037,pwdDeTest01..
tool_generator_000038,pwdDeTest01..
tool_generator_000039,pwdDeTest01..
tool_generator_000040,pwdDeTest01..
tool_generator_000041,pwdDeTest01..
tool_generator_000042,pwdDeTest01..
tool_generator_000043,pwdDeTest01..
tool_generator_000044,pwdDeTest01..
tool_generator_000045,pwdDeTest01..
tool_generator_000046,pwdDeTest01..
tool_generator_000047,pwdDeTest01..
tool_generator_000048,pwdDeTest01..
tool_generator_000049,pwdDeTest01..
tool_generator_000050,pwdDeTest01..
tool_generator_000051,pwdDeTest01..
tool_generator_000052,pwdDeTest01..
tool_generator_000053,pwdDeTest01..
tool_generator_000054,pwdDeTest01..
tool_generator_000055,pwdDeTest01..
tool_generator_000056,pwdDeTest01..
tool_generator_000057,pwdDeTest01..
tool_generator_000058,pwdDeTest01..
tool_generator_000059,pwdDeTest01..
tool_generator_000060,pwdDeTest01..
tool_generator_000061,pwdDeTest01..
tool_generator_000062,pwdDeTest01..
tool_generator_000063,pwdDeTest01..
tool_generator_000064,pwdDeTest01..
tool_generator_000065,pwdDeTest01..
tool_generator_000066,pwdDeTest01..
tool_generator_000067,pwdDeTest01..
tool_generator_000068,pwdDeTest01..
tool_generator_000069,pwdDeTest01..
tool_generator_000070,pwdDeTest01..
tool_generator_000071,pwdDeTest01..
tool_generator_000072,pwdDeTest01..
tool_generator_000073,pwdDeTest01..
tool_generator_000074,pwdDeTest01..
tool_generator_000075,pwdDeTest01..
tool_generator_000076,pwdDeTest01..
tool_generator_000077,pwdDeTest01..
tool_generator_000078,pwdDeTest01..
tool_generator_000079,pwdDeTest01..
tool_generator_000080,pwdDeTest01..
tool_generator_000081,pwdDeTest01..
tool_generator_000082,pwdDeTest01..
tool_generator_000083,pwdDeTest01..
tool_generator_000084,pwdDeTest01..
tool_generator_000085,pwdDeTest01..
tool_generator_000086,pwdDeTest01..
tool_generator_000087,pwdDeTest01..
tool_generator_000088,pwdDeTest01..
tool_generator_000089,pwdDeTest01..
tool_generator_000090,pwdDeTest01..
tool_generator_000091,pwdDeTest01..
tool_generator_000092,pwdDeTest01..
tool_generator_000093,pwdDeTest01..
tool_generator_000094,pwdDeTest01..
tool_generator_000095,pwdDeTest01..
tool_generator_000096,pwdDeTest01..
tool_generator_000097,pwdDeTest01..
tool_generator_000098,pwdDeTest01..
tool_generator_000099,pwdDeTest01..
tool_generator_000100,pwdDeTest01..